{"cameraMode":{"drawMode":0,"name":"Shaded","section":"Shading Mode"},"sceneLighting":true,"audioPlay":false,"sceneViewState":{"m_AlwaysRefresh":false,"showFog":true,"showSkybox":true,"showFlares":true,"showImageEffects":true,"showParticleSystems":true,"showVisualEffectGraphs":true,"m_FxEnabled":true},"in2DMode":false,"pivot":{"x":1.5476771593093873,"y":0.3500000834465027,"z":-3.495527744293213},"rotation":{"x":0.36562269926071169,"y":0.08360320329666138,"z":-0.03299548849463463,"w":0.9264155626296997},"size":0.7825595140457153,"orthographic":false}