{"cameraMode":{"drawMode":0,"name":"Shaded","section":"Shading Mode"},"sceneLighting":true,"audioPlay":false,"sceneViewState":{"m_AlwaysRefresh":false,"showFog":true,"showSkybox":true,"showFlares":true,"showImageEffects":true,"showParticleSystems":true,"showVisualEffectGraphs":true,"m_FxEnabled":true},"in2DMode":false,"pivot":{"x":-0.740425705909729,"y":1.4582345485687256,"z":-3.085631847381592},"rotation":{"x":0.2603618800640106,"y":-0.0028964662924408914,"z":0.0007810292299836874,"w":0.9655078649520874},"size":4.507564067840576,"orthographic":false}