{"cameraMode":{"drawMode":0,"name":"Shaded","section":"Shading Mode"},"sceneLighting":true,"audioPlay":false,"sceneViewState":{"m_AlwaysRefresh":false,"showFog":true,"showSkybox":true,"showFlares":true,"showImageEffects":true,"showParticleSystems":true,"showVisualEffectGraphs":true,"m_FxEnabled":true},"in2DMode":false,"pivot":{"x":1.5879102945327759,"y":-0.22199122607707978,"z":0.5626086592674255},"rotation":{"x":-0.05775237828493118,"y":-0.5762523412704468,"z":0.04086938127875328,"w":-0.8142115473747253},"size":0.8660253882408142,"orthographic":false}