{"cameraMode":{"drawMode":0,"name":"Shaded","section":"Shading Mode"},"sceneLighting":true,"audioPlay":false,"sceneViewState":{"m_AlwaysRefresh":false,"showFog":true,"showSkybox":true,"showFlares":true,"showImageEffects":true,"showParticleSystems":true,"showVisualEffectGraphs":true,"m_FxEnabled":true},"in2DMode":false,"pivot":{"x":-0.9238753318786621,"y":0.9816340804100037,"z":-1.7429497241973878},"rotation":{"x":0.36562269926071169,"y":0.08360320329666138,"z":-0.03299548849463463,"w":0.9264155626296997},"size":4.507564067840576,"orthographic":false}